timestamp,recipe,setup,save_as,measurement_status,load_current_a,load_power_w,load_voltage_v,supply_current_a,supply_power_w,supply_voltage_v,load_current_a__verdict,load_current_a__min,load_current_a__max,load_current_a__reason,load_power_w__verdict,load_power_w__min,load_power_w__max,load_power_w__reason,load_voltage_v__verdict,load_voltage_v__min,load_voltage_v__max,load_voltage_v__reason,supply_current_a__verdict,supply_current_a__min,supply_current_a__max,supply_current_a__reason,supply_power_w__verdict,supply_power_w__min,supply_power_w__max,supply_power_w__reason,supply_voltage_v__verdict,supply_voltage_v__min,supply_voltage_v__max,supply_voltage_v__reason
2026-09-26T07:21:29.119924+00:00,load_sweep,main_bench,no_load,pass,,,,0.0003,0.002,5.005,,,,,,,,,,,,,pass,0.0,0.03,,not_checked,,,,pass,4.75,5.25,
2026-09-26T07:21:33.929454+00:00,load_sweep,main_bench,point_1_0.05_a,pass,0.049679,0.247891,4.989864,0.0376,0.188,5.005,pass,0.03,0.07,,pass,0.0,2.0,,pass,4.75,5.25,,pass,0.02,0.08,,not_checked,,,,pass,4.75,5.25,
2026-09-26T07:21:38.695202+00:00,load_sweep,main_bench,point_2_0.075_a,pass,0.074804,0.373179,4.988735,0.0624,0.313,5.005,pass,0.055,0.095,,pass,0.0,2.0,,pass,4.75,5.25,,pass,0.045,0.105,,not_checked,,,,pass,4.75,5.25,
2026-09-26T07:21:43.472530+00:00,load_sweep,main_bench,point_3_0.1_a,pass,0.099171,0.494626,4.987606,0.0867,0.434,5.005,pass,0.08,0.12,,pass,0.0,2.0,,pass,4.75,5.25,,pass,0.07,0.13,,not_checked,,,,pass,4.75,5.25,
2026-09-26T07:21:48.240394+00:00,load_sweep,main_bench,point_4_0.125_a,pass,0.124672,0.621669,4.986447,0.1125,0.563,5.005,pass,0.105,0.145,,pass,0.0,2.0,,pass,4.75,5.25,,pass,0.095,0.155,,not_checked,,,,pass,4.75,5.25,
2026-09-26T07:21:53.028799+00:00,load_sweep,main_bench,point_5_0.15_a,pass,0.14923,0.74398,4.985452,0.1368,0.685,5.005,pass,0.13,0.17,,pass,0.0,2.0,,pass,4.75,5.25,,pass,0.12,0.18,,not_checked,,,,pass,4.75,5.25,
2026-09-26T07:21:57.797078+00:00,load_sweep,main_bench,point_6_0.175_a,pass,0.174811,0.871305,4.984278,0.1624,0.813,5.005,pass,0.155,0.195,,pass,0.0,2.0,,pass,4.75,5.25,,pass,0.145,0.205,,not_checked,,,,pass,4.75,5.25,
2026-09-26T07:22:02.562837+00:00,load_sweep,main_bench,point_7_0.2_a,pass,0.199832,0.995806,4.983209,0.1873,0.937,5.006,pass,0.18,0.22,,pass,0.0,2.0,,pass,4.75,5.25,,pass,0.17,0.23,,not_checked,,,,pass,4.75,5.25,
2026-09-26T07:22:07.395926+00:00,load_sweep,main_bench,point_8_0.225_a,pass,0.225109,1.12151,4.98208,0.2125,1.064,5.005,pass,0.205,0.245,,pass,0.0,2.0,,pass,4.75,5.25,,pass,0.195,0.255,,not_checked,,,,pass,4.75,5.25,
2026-09-26T07:22:12.162000+00:00,load_sweep,main_bench,point_9_0.25_a,pass,0.249061,1.240559,4.98095,0.2368,1.185,5.005,pass,0.23,0.27,,pass,0.0,2.0,,pass,4.75,5.25,,pass,0.22,0.28,,not_checked,,,,pass,4.75,5.25,
2026-09-26T07:22:16.945539+00:00,load_sweep,main_bench,point_10_0.275_a,pass,0.274242,1.365697,4.979896,0.262,1.311,5.006,pass,0.255,0.295,,pass,0.0,2.0,,pass,4.75,5.25,,pass,0.245,0.305,,not_checked,,,,pass,4.75,5.25,
2026-09-26T07:22:21.710575+00:00,load_sweep,main_bench,point_11_0.3_a,pass,0.29928,1.490034,4.978736,0.287,1.436,5.005,pass,0.28,0.32,,pass,0.0,2.0,,pass,4.75,5.25,,pass,0.27,0.33,,not_checked,,,,pass,4.75,5.25,
2026-09-26T07:22:26.477547+00:00,load_sweep,main_bench,point_12_0.275_a,pass,0.274266,1.365804,4.979851,0.2619,1.311,5.005,pass,0.255,0.295,,pass,0.0,2.0,,pass,4.75,5.25,,pass,0.245,0.305,,not_checked,,,,pass,4.75,5.25,
2026-09-26T07:22:31.246209+00:00,load_sweep,main_bench,point_13_0.25_a,pass,0.249284,1.241706,4.981084,0.2369,1.186,5.005,pass,0.23,0.27,,pass,0.0,2.0,,pass,4.75,5.25,,pass,0.22,0.28,,not_checked,,,,pass,4.75,5.25,
2026-09-26T07:22:36.003433+00:00,load_sweep,main_bench,point_14_0.225_a,pass,0.225014,1.121032,4.982064,0.2126,1.064,5.005,pass,0.205,0.245,,pass,0.0,2.0,,pass,4.75,5.25,,pass,0.195,0.255,,not_checked,,,,pass,4.75,5.25,
2026-09-26T07:22:40.759557+00:00,load_sweep,main_bench,point_15_0.2_a,pass,0.199904,0.996161,4.983193,0.1876,0.939,5.005,pass,0.18,0.22,,pass,0.0,2.0,,pass,4.75,5.25,,pass,0.17,0.23,,not_checked,,,,pass,4.75,5.25,
2026-09-26T07:22:45.525353+00:00,load_sweep,main_bench,point_16_0.175_a,pass,0.174907,0.871783,4.984278,0.1625,0.813,5.005,pass,0.155,0.195,,pass,0.0,2.0,,pass,4.75,5.25,,pass,0.145,0.205,,not_checked,,,,pass,4.75,5.25,
2026-09-26T07:22:50.286697+00:00,load_sweep,main_bench,point_17_0.15_a,pass,0.149757,0.746599,4.985393,0.1374,0.688,5.005,pass,0.13,0.17,,pass,0.0,2.0,,pass,4.75,5.25,,pass,0.12,0.18,,not_checked,,,,pass,4.75,5.25,
2026-09-26T07:22:55.035790+00:00,load_sweep,main_bench,point_18_0.125_a,pass,0.124664,0.621635,4.986492,0.1125,0.563,5.005,pass,0.105,0.145,,pass,0.0,2.0,,pass,4.75,5.25,,pass,0.095,0.155,,not_checked,,,,pass,4.75,5.25,
2026-09-26T07:22:59.809721+00:00,load_sweep,main_bench,point_19_0.1_a,pass,0.099555,0.49653,4.987516,0.0873,0.437,5.005,pass,0.08,0.12,,pass,0.0,2.0,,pass,4.75,5.25,,pass,0.07,0.13,,not_checked,,,,pass,4.75,5.25,
2026-09-26T07:23:04.551798+00:00,load_sweep,main_bench,point_20_0.075_a,pass,0.075108,0.374681,4.988572,0.0628,0.314,5.005,pass,0.055,0.095,,pass,0.0,2.0,,pass,4.75,5.25,,pass,0.045,0.105,,not_checked,,,,pass,4.75,5.25,
2026-09-26T07:23:09.355968+00:00,load_sweep,main_bench,point_21_0.05_a,pass,0.050062,0.249797,4.989716,0.0377,0.189,5.005,pass,0.03,0.07,,pass,0.0,2.0,,pass,4.75,5.25,,pass,0.02,0.08,,not_checked,,,,pass,4.75,5.25,
